<?xml version="1.0" encoding="UTF-8"?>
<!DOCTYPE beans PUBLIC "-//SPRING//DTD BEAN//EN" "http://www.springframework.org/dtd/spring-beans.dtd">
<beans>

	
	<bean id="jaxbPackage" class="org.springframework.beans.factory.config.ListFactoryBean">
		<property name="sourceList">
			<list>
				<value>edu.harvard.i2b2.crc.loader.datavo.loader.query</value>
				<value>edu.harvard.i2b2.crc.loader.datavo.pdo</value>
				<value>edu.harvard.i2b2.crc.loader.datavo.i2b2message</value>
				<value>edu.harvard.i2b2.crc.loader.datavo.pm</value>
				<value>edu.harvard.i2b2.crc.loader.datavo.fr</value>
			</list>
		</property>
	</bean>
	
	<bean id="appType" class="edu.harvard.i2b2.crc.loader.datavo.i2b2message.ApplicationType">
		<property name="applicationName" value="edu.harvard.i2b2.crc.loader"/>
		<property name="applicationVersion" value="1.5"/>
	</bean>
	
	
	
	<bean id="message_header" class="edu.harvard.i2b2.crc.loader.datavo.i2b2message.MessageHeaderType">
		<property name="sendingApplication" ref="appType"/>
	</bean>


	<bean id="TestDataSource" class="org.apache.commons.dbcp.BasicDataSource" destroy-method="close">
		<property name="driverClassName" value="${db.driver}"/>
		<property name="url" value="${jdbc.url}"/>
		<property name="username" value="${demods.username}"/>
		<property name="password" value="${demods.password}"/>
	</bean>
	
	
	
	<bean id="LoaderLookupDS" class="org.apache.commons.dbcp.BasicDataSource" destroy-method="close">
		<property name="driverClassName" value="${db.driver}"/>
		<property name="url" value="${jdbc.url}"/>
		<property name="username" value="${hive.username}"/>
		<property name="password" value="${hive.password}"/>
	</bean>
	
</beans>
