<?xml version="1.0" encoding="UTF-8"?>

<!-- ===================================================================== -->
<!--                                                                       -->
<!--  JBoss Server Configuration                                           -->
<!--                                                                       -->
<!-- ===================================================================== -->

<!-- Amended by Jeff Lusted -->

<datasources>

	<local-tx-datasource>
      <jndi-name>OntologyBootStrapDS</jndi-name>
      <driver-class>${db.driver}</driver-class>
      <connection-url>${jdbc.url};port=${sqlserver.port};instanceName=${sqlserver.instanceName};DatabaseName=${hive.databasename}</connection-url>
      <user-name>${hive.username}</user-name>
      <password>${hive.password}</password>
      <metadata>
        <type-mapping>MS SQLSERVER2000</type-mapping>
      </metadata>
    </local-tx-datasource>
    
    <local-tx-datasource>
      <jndi-name>OntologyDemoDS</jndi-name>
      <driver-class>${db.driver}</driver-class>
      <connection-url>${jdbc.url};port=${sqlserver.port};instanceName=${sqlserver.instanceName};DatabaseName=${metadata.databasename}</connection-url>
      <user-name>${metadata.username}</user-name>
      <password>${metadata.password}</password>
      <metadata>
        <type-mapping>MS SQLSERVER2000</type-mapping>
      </metadata>
    </local-tx-datasource>

    
    <!-- BRISSKIT TEMPLATE POSITIONER -->

</datasources>
