<?xml version="1.0" encoding="UTF-8"?>

<!-- ===================================================================== -->
<!--                                                                       -->
<!--  JBoss Server Configuration                                           -->
<!--                                                                       -->
<!-- ===================================================================== -->

<!-- Amended by Jeff Lusted -->

<datasources>
	
	<local-tx-datasource>
		<jndi-name>OntologyBootStrapDS</jndi-name>
		<driver-class>${db.driver}</driver-class>
		<connection-url>${jdbc.url}</connection-url>
		<user-name>${hive.username}</user-name>
		<password>${hive.password}</password>
	</local-tx-datasource>

	
	<local-tx-datasource>
		<jndi-name>OntologyDemoDS</jndi-name>
		<driver-class>${db.driver}</driver-class>
		<connection-url>${jdbc.url}</connection-url>
		<user-name>${metadata.username}</user-name>
		<password>${metadata.password}</password>
	</local-tx-datasource>
	
	<!-- BRISSKIT TEMPLATE POSITIONER -->
	
</datasources>
