<?xml version="1.0" encoding="UTF-8"?>

<!-- ===================================================================== -->
<!--                                                                       -->
<!--  JBoss Server Configuration                                           -->
<!--                                                                       -->
<!-- ===================================================================== -->

<!-- ==================================================================== -->
<!--  Datasource config for Oracle originally from Steven Coy             -->
<!-- ==================================================================== -->


<datasources>
  <!-- sample oracle jms data source -->
  <local-tx-datasource>
    <jndi-name>DefaultDS</jndi-name>
    <connection-url>${jdbc.url}</connection-url>
    <driver-class>${db.driver}</driver-class>
    <user-name>${hive.username}</user-name>
    <password>${hive.password}</password>
    <idle-timeout-minutes>1</idle-timeout-minutes>
    <exception-sorter-class-name>org.jboss.resource.adapter.jdbc.vendor.OracleExceptionSorter</exception-sorter-class-name>
      <metadata>
         <type-mapping>Oracle9i</type-mapping>
      </metadata>
  </local-tx-datasource>
  
</datasources>
