<?xml version="1.0" encoding="UTF-8"?>

<!-- ===================================================================== -->
<!--                                                                       -->
<!--  JBoss Server Configuration                                           -->
<!--                                                                       -->
<!-- ===================================================================== -->

<!-- $Id: ont-ds.xml,v 1.7 2010/02/05 20:27:21 lcp5 Exp $ -->

<datasources>

<local-tx-datasource>
      <jndi-name>OntologyBootStrapDS</jndi-name>
      <driver-class>${db.driver}</driver-class>
      <connection-url>${jdbc.url};port=${sqlserver.port};instanceName=${sqlserver.instanceName};DatabaseName=${hive.databasename}</connection-url>
      <user-name>${hive.username}</user-name>
      <password>${hive.password}</password>
      <metadata>
        <type-mapping>MS SQLSERVER2000</type-mapping>
      </metadata>
    </local-tx-datasource>
    
    <local-tx-datasource>
      <jndi-name>OntologyDemoDS</jndi-name>
      <driver-class>${db.driver}</driver-class>
      <connection-url>${jdbc.url};port=${sqlserver.port};instanceName=${sqlserver.instanceName};DatabaseName=${metadata.databasename}</connection-url>
      <user-name>${metadata.username}</user-name>
      <password>${metadata.password}</password>
      <metadata>
        <type-mapping>MS SQLSERVER2000</type-mapping>
      </metadata>
    </local-tx-datasource>
    
</datasources>
